clean_text,keywords
one flood tsunami common turkey get fact right,"tsunami common, flood tsunami, turkey fact, tsunami, common turkey"
spanish horrible,"spanish horrible, spanish, horrible"
lady confused hell,"lady confused, confused hell, lady, confused, hell"
woooooooaaaaaaaaahhhhhhhh,woooooooaaaaaaaaahhhhhhhh
first one generated synonymous,"generated synonymous, synonymous, generated"
wanna see wave caught camera sissy wave like,"wave caught, wave like, sissy wave, wave, wanna wave"
live two gully ocean always hope safe,"gully ocean, live gully, gully, ocean hope, ocean"
big wave,"big wave, wave, big"
oahhhhhh ohhhhhh,"oahhhhhh ohhhhhh, oahhhhhh, ohhhhhh"
called paradise tax,"paradise tax, called paradise, tax, paradise, called"
people stand like great internet like stupid,"internet like, like stupid, great internet, people stand, stand like"
time float,"time float, float, time"
tsunami hit,"tsunami hit, tsunami, hit"
people ignore warning leave car retainer wall stupid,"retainer wall, car retainer, retainer, wall stupid, ignore warning"
terrifying natural disaster exist hand,"natural disaster, disaster exist, disaster, terrifying natural, exist hand"
called act god mother nature one always woman man,"mother nature, nature woman, act god, woman man, god mother"
dead crazy,"dead crazy, dead, crazy"
head mountain,"head mountain, mountain, head"
seiche wave,"seiche wave, seiche, wave"
riding,riding
remember story right little wave got bay,"little wave, wave got, got bay, bay, remember story"
rogue wave tsunami,"wave tsunami, tsunami, rogue wave, wave, rogue"
tsunami based shape basin,"tsunami based, tsunami, shape basin, based shape, shape"
meter high dont think,"meter high, meter, high dont, high, dont think"
video clip suck one better weak view compared seen,"clip suck, video clip, view compared, weak view, clip"
forgot largest tsunami time lituya bay mega tsunami,"largest tsunami, mega tsunami, tsunami time, tsunami, lituya bay"
fun fact september birthday,"september birthday, fact september, birthday, september, fun fact"
wave meter looked like meter,"wave meter, meter looked, meter, like meter, wave"
grandma,grandma
sexy juice taco,"juice taco, taco, sexy juice, juice, sexy"
lol sounded like wonder actually said,"like wonder, wonder actually, lol sounded, wonder, sounded like"
man shut little tic,"little tic, tic, shut little, man shut, shut"
man bro muslim,"bro muslim, muslim, man bro, bro, man"
man shut,"man shut, shut, man"
brookeelisabethuk lack manner disrespect others,"brookeelisabethuk lack, manner disrespect, brookeelisabethuk, disrespect, lack manner"
god help,"god help, help, god"
bro help,"bro help, bro, help"
hysterical camera man panic,"hysterical camera, man panic, camera man, panic, camera"
going japan scared,"japan scared, going japan, japan, scared, going"
bro like man new shoe damp,"shoe damp, new shoe, shoe, damp, man new"
bro born september,"born september, bro born, september, born, bro"
youtube really pushing kamala harris add,"kamala harris, pushing kamala, kamala, youtube really, harris add"
power god nature mother nature ridiculous word,"god nature, mother nature, power god, nature ridiculous, nature mother"
hha god know nothing died darwin talked evolution,"darwin talked, died darwin, talked evolution, darwin, evolution"
pados music care little justify answer rabbi offense,"pados music, rabbi offense, answer rabbi, music care, pados"
oscargreat offence rabbi atheist,"offence rabbi, rabbi atheist, oscargreat offence, oscargreat, rabbi"
people grabbing mask world shake alarming,"shake alarming, people grabbing, grabbing mask, world shake, mask world"
ship crew call pending disastrous wave coming,"disastrous wave, wave coming, ship crew, wave, crew pending"
stay hydrated lol,"stay hydrated, hydrated lol, hydrated, stay, lol"
omg funny,"omg funny, funny, omg"
dynasingh bro comment find funny know cringe like,"dynasingh bro, know cringe, cringe like, cringe, dynasingh"
indian ocean boxing day tsunami killed smfh,"tsunami killed, day tsunami, killed smfh, tsunami, smfh"
water seek level,"water seek, seek level, seek, water, level"
video sucked,"video sucked, sucked, video"
believe person still mask omg people stupid,"person mask, mask omg, mask, believe person, people stupid"
need translate wooukk wooouk wuk oooooh,"wooukk wooouk, wooouk wuk, translate wooukk, wooouk, wooukk"
truly doozy,"truly doozy, doozy, truly"
love vid,"love vid, vid, love"
damn one day born,"day born, born, damn day, day, damn"
dayum,dayum
cause tsunami bath tub pretty cool think,"tsunami bath, cause tsunami, bath tub, tsunami, tub"
wave high reaching mph absolute horseshit total nonsense accurate,"wave high, wave, mph absolute, reaching mph, mph"
new top,new
feysteii yes,"feysteii yes, feysteii, yes"
meter run actual wave,"meter run, actual wave, meter, wave, run actual"
tsunami japanese seductive grunt,"tsunami japanese, japanese seductive, seductive grunt, tsunami, japanese"
live block away largest lake idaho record tsunami past year happen ocean,"record tsunami, tsunami past, tsunami, lake idaho, largest lake"
forgot video talk much show video,"talk video, video talk, forgot video, video, talk"
japan earthquake foot tsunami,"japan earthquake, foot tsunami, tsunami, earthquake foot, earthquake"
meter sound like extreme embellishment,"meter sound, meter, extreme embellishment, embellishment, sound"
tidal wave song geometry dash start playing,"song geometry, wave song, tidal wave, geometry dash, dash start"
shiawase,shiawase
tsunami warning siren,"tsunami warning, warning siren, siren, tsunami, warning"
 wave tsunami,"wave tsunami, tsunami, wave"
show one wave vid tsunami surge water gigantic wave,"tsunami surge, gigantic wave, vid tsunami, tsunami, wave"
fucking fake,"fucking fake, fake, fucking"
gurl,gurl
bright side,bright
tsnaumis terrifying,"tsnaumis terrifying, tsnaumis, terrifying"
i love this song watching it again,"love song, song watching, song, watching, love"
woman chilling touring tsunami wave arrives,"touring tsunami, tsunami wave, wave arrives, woman chilling, tsunami"
remember cameraman never,"remember cameraman, cameraman, remember"
huge waves hitting the shore people running away,"huge waves, shore people, waves hitting, hitting shore, shore"
sensationalism however google lituya bay tsunami tho,"sensationalism google, bay tsunami, sensationalism, tsunami, tsunami tho"
flood water rising very fast near the beach,"flood water, water rising, flood, rising fast, beach"
this looks like a tsunami approaching look at the waves,"tsunami approaching, tsunami, like tsunami, look waves, waves"
far sea want meet tsunami,"meet tsunami, tsunami, far sea, sea want, sea"
yep,yep
true tsunami small time,"true tsunami, tsunami small, tsunami, small time, time"
nothing scary here just normal ocean,"normal ocean, ocean, scary just, scary, normal"
yeah get bigger right,"yeah bigger, bigger right, bigger, yeah, right"
why is everyone overreacting its fine,"overreacting fine, overreacting, fine"
nothing serious just normal high tide,"high tide, tide, normal high, just normal, high"
think use different description anyone enjoy video,"enjoy video, description enjoy, different description, video, description"
dude care,"dude care, care, dude"
surfboard lol,"surfboard lol, surfboard, lol"
tsunami beautiful,"tsunami beautiful, tsunami, beautiful"
sea water entering the road this looks dangerous,"water entering, sea water, entering road, sea, looks dangerous"
lol,lol
highly doubt said wave reach mph absurd,"mph absurd, wave reach, said wave, reach mph, wave"
clearly never seen gym bro,"seen gym, gym bro, gym, bro, clearly seen"
senator cornball,"senator cornball, cornball, senator"
stop speaking play video,"stop speaking, play video, speaking play, video, play"
like ugh agaun,"ugh agaun, agaun, like ugh, like, ugh"
glad live western pennsylvania far away flat tornado land ocean,"tornado land, flat tornado, tornado, western pennsylvania, pennsylvania far"
tsunami tsunami take minute ship surface wave ship second tsunami,"second tsunami, tsunami minute, tsunami tsunami, tsunami, wave ship"
coast guard call ohhh hell thee athoaridies release worning ohhhhh hell,"coast guard, guard ohhh, worning ohhhhh, release worning, coast"
japanese movie heroic effort save nuclear power plant forgot name,"japanese movie, movie heroic, save nuclear, nuclear power, power plant"
climate change,"climate change, climate, change"
tsunami wave reach mainland wave crash wave ocea called tidal wave,"tsunami wave, tidal wave, mainland wave, tsunami, wave crash"
sew narmi qiut,"narmi qiut, sew narmi, narmi, qiut, sew"
quality fbi cam,"fbi cam, quality fbi, cam, fbi, quality"
really tsunami wave tsunami wave see traveling upwards mph assuming large ship deep water wave height tsunami would low wave length peak peak far apart deep water ship even noticed come contact land wave slow start get taller please get fact correct posting,"height tsunami, tsunami wave, wave tsunami, tsunami low, wave height"
ocean behaving strangely waves getting higher,"ocean behaving, waves getting, strangely waves, waves, ocean"
live japan one tsunami hit tell come crashing shore,"japan tsunami, tsunami hit, tsunami, crashing shore, live japan"
know fake,"know fake, fake, know"
great documentary one hit thailand year back yes least wave went right everything people rooftop multi storied building spared,"hit thailand, wave went, documentary hit, great documentary, building spared"
nobody tryna hear extra shit show shit going,"extra shit, hear extra, shit going, tryna hear, shit shit"
people swim would die thank watching,"swim die, people swim, swim, die thank, die"
impossible swim current tsunami plus make landfall full debris crush people,"current tsunami, tsunami plus, tsunami, debris crush, landfall debris"
even swimmer die tsunami force water debris carrying kill people,"die tsunami, swimmer die, tsunami force, tsunami, water debris"
terrifying think reason look relatively tame video people witnessed worst died,"terrifying think, tame video, witnessed worst, think reason, video people"
doubt unpleasant bowel content evicting experience rather like waking discover biden helm,"bowel content, unpleasant bowel, bowel, discover biden, waking discover"
tsunami additionally empowered water land slide many area larger anticipated,"tsunami additionally, tsunami, land slide, water land, empowered water"
mountain wave,"mountain wave, wave, mountain"
landslide also cause tsunami,"cause tsunami, landslide cause, tsunami, landslide, cause"
sorry boxing day tsunami fully expecting spot,"day tsunami, tsunami fully, tsunami, expecting spot, sorry boxing"
number ranked tsunami video seems sketchy monster really,"ranked tsunami, tsunami video, tsunami, video sketchy, number ranked"
thanks god arab live desert,"arab live, god arab, live desert, desert, arab"
height watermark hillside outside seawall water collecting outside wave height afaik,"watermark hillside, height watermark, wave height, hillside outside, seawall water"
houses flooded after high tide everyone please stay safe,"houses flooded, flooded high, flooded, high tide, tide stay"
saw tsunami small walked kinda burnt arm,"saw tsunami, tsunami small, burnt arm, tsunami, kinda burnt"
wave fish,"wave fish, fish, wave"
speed wee bit,"speed wee, wee bit, speed, wee, bit"
face red droopy eye planet,"eye planet, droopy eye, face red, red droopy, planet"
dangerous situation beach completely underwater,"completely underwater, situation beach, underwater, beach completely, beach"
boats destroyed due to strong waves,"boats destroyed, strong waves, boats, waves, destroyed strong"
this is not normal tide very high and scary,"normal tide, tide high, tide, high scary, normal"
idiotic one wave flooding,"wave flooding, idiotic wave, flooding, wave, idiotic"
wanted see listen ramblings,"listen ramblings, ramblings, wanted listen, listen, wanted"
flooding started again water level keeps rising,"flooding started, water level, flooding, keeps rising, started water"
video,video
rescue teams needed sea water flooding the street,"flooding street, rescue teams, water flooding, flooding, rescue"
tsunami give diarrhea peehole,"tsunami diarrhea, diarrhea peehole, tsunami, diarrhea, peehole"
want know left indian ocean tsunami,"ocean tsunami, tsunami, indian ocean, left indian, ocean"
tsunami also caused landslide considered consequence earthquake volcano,"caused landslide, tsunami caused, consequence earthquake, earthquake volcano, landslide considered"
ofcourse know much landslide tsunami sometimes tall one higher meter heard submarine volcano eruption caused tsunami tall great east japan earthquake,"landslide tsunami, tsunami tall, know landslide, tsunami, japan earthquake"
boxing day tsunami never happend complete doc,"tsunami happend, day tsunami, tsunami, complete doc, boxing day"
report faker,"report faker, faker, report"
saw episode doreamon monster tsunami,"monster tsunami, episode doreamon, tsunami, doreamon monster, saw episode"
storm surge causing massive waves on the coast,"storm surge, surge causing, waves coast, massive waves, surge"
knowing wave likely pas set properly still shit jimmie knowing incalculable amount weight water power passing like power god passing,"knowing wave, wave likely, wave, water power, jimmie knowing"
massive storm make wave,"massive storm, storm, make wave, storm make, wave"
think warning come water right near town people still walking,"warning, think warning, people walking, town people, come water"
scary sad,"scary sad, scary, sad"
tsunami horrific yet tital surge foot nine hour straight hurricane ian destroyed coastal property ravaged inland community mile shoreline,"tsunami horrific, tsunami, hurricane ian, destroyed coastal, property ravaged"
people shouting wave coming very scary moment,"shouting wave, wave coming, people shouting, scary moment, wave"
importantly believe last messenger muhammad sallalahualayhiwasallam,"muhammad sallalahualayhiwasallam, messenger muhammad, sallalahualayhiwasallam, believe messenger, muhammad"
shamshudashamshuda muhammad shed blood sin jesus,"shamshudashamshuda muhammad, muhammad shed, shamshudashamshuda, muhammad, shed blood"
motor mouth going video footage,"motor mouth, video footage, mouth going, footage, going video"
wish giant tsunami would wipe san francisco,"tsunami wipe, giant tsunami, tsunami, wipe san, san francisco"
guy underworld,"guy underworld, underworld, guy"
never fails amaze people staring death face stand filming,"death face, staring death, stand filming, face stand, filming"
nice day bird,"day bird, bird, nice day, day, nice"
water entered homes near the coast terrible situation,"water entered, coast terrible, coast, water, entered homes"
hatemode real shit constantly hear even country yet killed people,"hatemode real, hatemode, country killed, hear country, constantly hear"
anyone translate spoken japanese video,"japanese video, spoken japanese, translate spoken, translate, japanese"
ride boat,"ride boat, boat, ride"
forgot say due tsunami caused nuclear meltdown near death people completed blew also whirlpool,"say tsunami, tsunami caused, tsunami, nuclear meltdown, blew whirlpool"
video suck shut show good wave,"video suck, good wave, wave, suck shut, video"
nerd emoji,"nerd emoji, emoji, nerd"
one person dead,"person dead, dead, person"
know everything boxing day palu earthquake tsunami indonesia also terrifying,"tsunami indonesia, indonesia terrifying, earthquake tsunami, tsunami, palu earthquake"
ohio,ohio
monster wave caught camera seriously lamest tsunami footage ever seen,"tsunami footage, lamest tsunami, tsunami, monster wave, footage seen"
dangerous disaster country tsunami hurricane cat tornado earthquake magnitued dangerouse earthquaked recorded ohio,"tornado earthquake, country tsunami, earthquaked recorded, tsunami hurricane, earthquake"
forgot aceh tsunami,"aceh tsunami, tsunami, forgot aceh, aceh, forgot"
respect boat tsunami,"boat tsunami, tsunami, respect boat, boat, respect"
blablabla nothing see,blablabla
normal wave guy see asteroid ahead ocean fine release tsunami release tsunami warn human,"tsunami warn, tsunami release, release tsunami, tsunami, warn human"
btw volcanic eruption strong triggered tsunami advisory japan shockwave eruption heard far alaska yeah almost away,"tsunami advisory, eruption heard, shockwave eruption, triggered tsunami, tsunami"
survive hurricane tornado massive wall water odds low,"hurricane tornado, survive hurricane, water odds, tornado, wall water"
fishermen warning about unusually strong currents,"fishermen warning, strong currents, currents, fishermen, warning unusually"
cyclone impact huge waves hitting the coast,"cyclone impact, huge waves, cyclone, waves hitting, hitting coast"
beach closed due to dangerous waves authorities alert,"beach closed, dangerous waves, closed dangerous, waves authorities, beach"
sunami hit seychelles,"sunami hit, hit seychelles, sunami, seychelles, hit"
lady turkey look concerned tsunami,"lady turkey, concerned tsunami, turkey look, tsunami, turkey"
covered death,"covered death, covered, death"
thats tsunami bomb,"thats tsunami, tsunami bomb, tsunami, bomb, thats"
chucknorris yes boxing day british,"chucknorris yes, boxing day, chucknorris, yes boxing, boxing"
erk easter celebration jesus rising dead going heaven dad god,"easter celebration, easter, erk easter, celebration jesus, jesus rising"
sooo black jesus,"black jesus, sooo black, black, jesus, sooo"
affected japan,"affected japan, japan, affected"
high one fast,"high fast, high, fast"
recorded,recorded
yeah,yeah
video actually show scale wave hit imagine tsunami look like holywood disaster film usually wall water actually high relentless energy behind insane utterly mental,"imagine tsunami, tsunami look, tsunami, wave hit, scale wave"
movie impossible based right,"movie impossible, impossible based, movie, impossible, based right"
amazing mention one horrific,"mention horrific, horrific, amazing mention, mention, amazing"
jesuschristwon spamming religious nonsense kid nobody belief childish mythology tale,"childish mythology, jesuschristwon spamming, spamming religious, belief childish, kid belief"
jesuschristwon real kid story invisible sorcerer exist real life,"invisible sorcerer, sorcerer exist, sorcerer, jesuschristwon real, story invisible"
lordofthepancakes real omg,"lordofthepancakes real, lordofthepancakes, real omg, omg, real"
posted year ago,"posted year, year ago, ago, posted, year"
wrong mega tsunami foot,"tsunami foot, mega tsunami, tsunami, wrong mega, mega"
tsunami deadliest record,"tsunami deadliest, tsunami, deadliest record, deadliest, record"
late,late
omg crazy,"omg crazy, crazy, omg"
coastal erosion getting worse land disappearing in minutes,"coastal erosion, erosion getting, land disappearing, erosion, coastal"
died tsunami rescued brought back shore dolphin,"tsunami rescued, died tsunami, shore dolphin, tsunami, dolphin"
japan main place tsunami,"place tsunami, tsunami, japan main, japan, main place"
mean tornado suck,"tornado suck, mean tornado, tornado, mean, suck"
prop lady strolling rising tsunami water,"tsunami water, rising tsunami, lady strolling, tsunami, prop lady"
wave height increasing rapidly this looks like an emergency,"wave height, wave, height increasing, increasing rapidly, increasing"
japan death,"japan death, japan, death"
earth quake mile away water building shaking etc ensuing tsunami caused damage,"tsunami caused, ensuing tsunami, tsunami, earth quake, quake"
total devastation,"total devastation, devastation, total"
majority building survived made concrete,"survived concrete, building survived, majority building, concrete, building"
yeah withstand tsunami wave water would survive tornado,"withstand tsunami, survive tornado, tsunami wave, tsunami, water survive"
tsunami siren heard people rushing to safer areas,"tsunami siren, siren heard, tsunami, siren, people rushing"
live oregon coast mtns protection always seems feel lil dangerous visit coast,"oregon coast, coast mtns, visit coast, mtns protection, live oregon"
damage place huge went back forth stopped place looking place avoiding seems dangerous first video seen never seen long tsunami hard,"tsunami hard, tsunami, long tsunami, dangerous video, damage place"
scary thing tsunami foot tall far sea become dangerous sea floor begin rise approach land mass,"tsunami foot, thing tsunami, tsunami, sea dangerous, dangerous sea"
laughing,laughing
dog barking sens danger coming,"dog barking, barking sens, barking, sens danger, danger coming"
wow terrible tragedy many people lost life animal always sense danger long sadly,"sense danger, terrible tragedy, danger, tragedy people, animal sense"
dangerous,dangerous
seems like dog warning imminent danger,"dog warning, imminent danger, warning imminent, danger, warning"
dog trying tell danger coming,"dog trying, tell danger, danger coming, danger, dog"
god,god
happychinese new uear,"happychinese new, happychinese, new uear, new, uear"
horrible tragedy,"horrible tragedy, tragedy, horrible"
yukihide,yukihide
danielle,danielle
laughter turn despair,"turn despair, laughter turn, despair, laughter, turn"
wave hit hard death followed rip soul,"rip soul, wave hit, wave, hard death, death followed"
warning advisory tsunami decoy hmm,"advisory tsunami, tsunami decoy, warning advisory, tsunami, decoy hmm"
fake news distract eptein file,"distract eptein, eptein file, eptein, news distract, fake news"
fake,fake
distraction,distraction
old news,"old news, news, old"
right epstein stole young girl trump gop strict rule governing etiquette raving pedoes,"epstein stole, right epstein, gop strict, epstein, girl trump"
watch left like get warning like texas,"watch left, like texas, like warning, watch, left like"
alert texas protect child camping,"child camping, alert texas, protect child, texas protect, camping"
exactly,exactly
flood happened minute predictable wave happens hour dipshit,"flood happened, predictable wave, flood, wave happens, minute predictable"
already got flooded,"got flooded, flooded, got"
warning day,"warning day, warning, day"
thought prayer apparently miracle,"thought prayer, apparently miracle, prayer apparently, prayer, miracle"
earthquake weapon,"earthquake weapon, earthquake, weapon"
hopefully trump budget cut wont cause many fatality,"trump budget, budget cut, hopefully trump, budget, cause fatality"
california surf alert drawn,"surf alert, california surf, alert drawn, surf, drawn"
relax nothing gonna happen,"relax gonna, relax, gonna happen, gonna, happen"
prophecy abyss opening brace,"prophecy abyss, abyss opening, prophecy, opening brace, brace"
nothing burger next,burger
nothing happened take vaccine,"happened vaccine, vaccine, happened"
mommy sitting tree,"mommy sitting, sitting tree, tree, mommy, sitting"
ridiculous agency caused panic wild prediction turned lot nothing,"ridiculous agency, panic wild, agency caused, caused panic, prediction turned"
cnn say white tsunami,"white tsunami, tsunami, cnn say, cnn, say white"
release file,"release file, release, file"
story reminds time trump hit stage,"time trump, story reminds, reminds time, trump hit, hit stage"
tee eff yew,"tee eff, tee, eff yew, eff, yew"
survived,survived
dead,dead
hey news team done past back focus epstein file,"focus epstein, epstein file, epstein, news team, past focus"
anybody else feel like artificial intelligence fear algorithm think really care evacuation know saying know trust anybody know sad always think something,"fear algorithm, intelligence fear, algorithm think, evacuation know, care evacuation"
thanks,thanks
massive fire alert tsunami massive alert,"alert tsunami, tsunami massive, massive alert, tsunami, alert"
pretending,pretending
wrong warning pushed back fire stupid,"warning pushed, wrong warning, warning, pushed stupid, pushed"
different administration,"different administration, administration, different"
great tsunami last november,"tsunami november, great tsunami, tsunami, november, great"
tsunami warp around island look,"tsunami warp, tsunami, warp island, island look, island"
loss either case,"loss case, loss, case"
fox sewer,"fox sewer, sewer, fox"
stinky jealous,"stinky jealous, stinky, jealous"
help wonder next episode view somehow blame earthquake trump,"earthquake trump, blame earthquake, earthquake, view blame, episode view"
japanese people get hit foot wave wanna cry big tsunami hit unless rogue wave like movie tsunami like wave ocean,"tsunami like, tsunami hit, movie tsunami, tsunami, big tsunami"
hawaii tsunami warning alarm fire alarm,"tsunami warning, hawaii tsunami, warning alarm, alarm alarm, alarm"
also missile incoming warning,"missile incoming, incoming warning, missile, warning, incoming"
god,god
duh evacuate lol,"evacuate lol, duh evacuate, evacuate, lol, duh"
russia sending tsunami wave administration,"tsunami wave, sending tsunami, tsunami, russia sending, wave administration"
another natural disaster trump administration ignore,"natural disaster, disaster trump, disaster, trump administration, administration ignore"
fine,fine
nice,nice
good lived oahu,"lived oahu, oahu, good lived, lived, good"
tsunami come midterm massive blue wave,"tsunami come, blue wave, tsunami, massive blue, wave"
seek help loon,"help loon, loon, seek help, help, seek"
